INSERT INTO data_clientes (cod_cliente, descripcion) VALUES
(101, 'cliente1'),
(102, 'cliente2'),
(103, 'cliente3');

INSERT INTO data_marcas (cod_marca, descripcion) VALUES
(200, 'skil'),
(201, 'boch'),
(202, 'dremel');

INSERT INTO data_proveedores (cod_proveedor, descripcion) VALUES
(300, 'prov1'),
(301, 'prov2'),
(302, 'prov3');

INSERT INTO data_productos (cod_prod, cod_marca, cod_proveedor, descripcion) VALUES
(400, 200, 300, 'martillo'),
(401, 201, 300, 'martillo'),
(402, 202, 300, 'martillo'),
(403, 200, 301, 'martillo'),
(404, 201, 301, 'martillo'),
(405, 202, 301, 'martillo'),
(406, 200, 302, 'martillo'),
(407, 201, 302, 'martillo'),
(408, 202, 302, 'martillo'),
(409, 200, 300, 'serrucho'),
(410, 201, 300, 'serrucho'),
(411, 202, 300, 'serrucho'),
(412, 200, 301, 'serrucho'),
(413, 201, 301, 'serrucho'),
(414, 202, 301, 'serrucho'),
(415, 200, 302, 'serrucho'),
(416, 201, 302, 'serrucho'),
(417, 202, 302, 'serrucho'),
(418, 200, 300, 'tuerca'),
(419, 201, 300, 'tuerca'),
(420, 202, 300, 'tuerca'),
(421, 200, 301, 'tuerca'),
(422, 201, 301, 'tuerca'),
(423, 202, 301, 'tuerca'),
(424, 200, 302, 'tuerca'),
(425, 201, 302, 'tuerca'),
(426, 202, 302, 'tuerca');

INSERT INTO data_movimientos (cod_prod, cod_cliente, fecha, cantidad, costo, venta) VALUES
(400, 101, '2020-01-02', 1, 1500, 1700),
(405, 102, '2020-01-02', 2, 2500, 2700),
(406, 103, '2020-01-02', 3, 3400, 3500),
(422, 101, '2020-01-02', 4, 4500, 4700),
(410, 102, '2020-01-04', 5, 5500, 5700),
(411, 103, '2020-01-04', 6, 6500, 6700),
(426, 101, '2020-01-04', 1, 1500, 1700),
(407, 102, '2020-01-05', 8, 2500, 2700),
(410, 103, '2020-01-05', 9, 1000, 1700),
(415, 101, '2020-01-05', 10, 1600, 1700),
(417, 102, '2020-01-06', 2, 1300, 1700),
(404, 103, '2020-01-06', 5, 1300, 1700),
(403, 101, '2020-01-06', 6, 1250, 1400),
(401, 102, '2020-01-06', 7, 1300, 1400),
(401, 103, '2020-01-06', 8, 1900, 2000),
(416, 101, '2020-01-07', 9, 1300, 1500),
(417, 102, '2020-01-07', 5, 1400, 1700),
(403, 103, '2020-01-07', 3, 1200, 1700),
(405, 102, '2020-01-07', 8, 1200, 1700),
(404, 102, '2020-01-07', 1, 1600, 1700),
(419, 102, '2020-01-07', 2, 3300, 3700),
(420, 103, '2020-01-07', 3, 2500, 3700),
(412, 101, '2020-01-07', 4, 700, 1000),
(420, 101, '2020-01-08', 5, 900, 1000),
(412, 101, '2020-01-08', 6, 1900, 2000),
(405, 102, '2020-01-08', 7, 1900, 2000),
(425, 103, '2020-01-08', 8, 2000, 2000),
(422, 101, '2020-01-08', 10, 3000, 3200),
(410, 102, '2020-01-08', 5, 3500, 3700),
(410, 103, '2020-01-08', 4, 700, 900),
(410, 103, '2001-01-08 03:00:00', 3, 800, 900),
(413, 102, '2020-01-09', 2, 750, 900),
(425, 102, '2020-01-09', 2, 4000, 4300),
(407, 101, '2020-01-09', 3, 3500, 3700),
(407, 102, '2020-01-09', 4, 6500, 6700),
(407, 103, '2020-01-09', 5, 900, 1100);
